Product ID,Product Name,Category,Gender,Season,Style,Occasion,Color,Material,Price,Sizes,Description,Matching Suggestions,Uri
1,Beige Oversized Blazer,Blazer,Female,Spring / Autumn,"Smart casual, minimal","Presentation, office, campus event",Beige,Cotton blend,HKD 499,"S, M, L",A clean and elegant oversized blazer suitable for smart casual and semi-formal occasions.,Pairs well with white innerwear and straight-leg trousers.,https://raw.githubusercontent.com/J0nathan1ei/IS5542/main/1.jpg
2,Stone Belted Trench Coat,Trench Coat,Female,Spring / Autumn,"Classic, urban","Commute, weekend outing, travel",Stone,Water-resistant polyester,HKD 699,"S, M, L",A lightweight belted trench coat that adds a polished layer for transitional weather.,"Style it with a striped tee, slim jeans, and loafers.",https://raw.githubusercontent.com/J0nathan1ei/IS5542/main/2.jpg
3,Dusty Rose Soft Cardigan,Cardigan,Female,Spring / Autumn,"Soft casual, feminine","Campus, cafe date, daily wear",Dusty Rose,Viscose knit,HKD 359,"S, M, L",A soft-touch cardigan with a relaxed fit for easy layering in mild temperatures.,"Matches nicely with a camisole, pleated skirt, and ballet flats.",https://raw.githubusercontent.com/J0nathan1ei/IS5542/main/3.jpg
4,Olive Ribbed Knit Dress,Knit Dress,Female,Autumn / Winter,"Elegant, cozy","Dinner, office, gathering",Olive,Rayon blend,HKD 469,"S, M, L",A ribbed knit dress that flatters the body while keeping the look warm and refined.,Pair it with ankle boots and a long wool coat.,https://raw.githubusercontent.com/J0nathan1ei/IS5542/main/4.jpg
5,Navy Pleated Midi Skirt,Pleated Skirt,Female,Spring / Autumn,"Graceful, versatile","Office, brunch, museum visit",Navy,Polyester chiffon,HKD 329,"S, M, L",A flowing pleated midi skirt designed for movement and easy styling across occasions.,Wear it with a tucked-in blouse and low heels.,https://raw.githubusercontent.com/J0nathan1ei/IS5542/main/5.jpg
6,Ivory Wide-Leg Trousers,Wide-Leg Trousers,Female,Spring / Summer,"Modern, minimal","Office, meeting, smart casual event",Ivory,Polyester blend,HKD 389,"S, M, L, XL",Tailored wide-leg trousers with a clean drape for a relaxed yet elevated silhouette.,Goes well with a fitted knit top and block-heel sandals.,https://raw.githubusercontent.com/J0nathan1ei/IS5542/main/6.jpg
7,Sky Blue Linen Shirt,Linen Shirt,Female,Spring / Summer,"Effortless, clean","Vacation, office casual, weekend",Sky Blue,Linen,HKD 299,"S, M, L","A breathable linen shirt with a crisp feel, perfect for warm-weather layering.",Pair it with white shorts or straight jeans for a fresh look.,https://raw.githubusercontent.com/J0nathan1ei/IS5542/main/7.jpg
8,Light Wash Cropped Denim Jacket,Denim Jacket,Female,Spring / Autumn,"Casual, youthful","Campus, concert, city stroll",Light Blue,Cotton denim,HKD 429,"S, M, L",A cropped denim jacket that adds structure and a playful edge to everyday outfits.,Layer it over a floral dress or tank top with sneakers.,https://raw.githubusercontent.com/J0nathan1ei/IS5542/main/8.jpg
9,Cream Fleece Hoodie,Hoodie,Female,Autumn / Winter,"Relaxed, sporty","Travel, home, casual outing",Cream,Cotton fleece,HKD 279,"S, M, L",A warm fleece hoodie with a soft brushed interior for cozy daily wear.,"Best matched with leggings, joggers, or denim shorts.",https://raw.githubusercontent.com/J0nathan1ei/IS5542/main/9.jpg
10,Charcoal Utility Jumpsuit,Jumpsuit,Female,Spring / Autumn,"Contemporary, utilitarian","Art fair, weekend outing, casual office",Charcoal,Cotton twill,HKD 559,"S, M, L",A one-piece utility jumpsuit combining practical details with a sleek modern shape.,Style it with white sneakers and a compact crossbody bag.,https://raw.githubusercontent.com/J0nathan1ei/IS5542/main/10.jpg
11,Forest Green Polo Dress,Polo Dress,Female,Spring / Summer,"Preppy, sporty","Campus, casual Friday, picnic",Forest Green,Cotton pique,HKD 369,"S, M, L",A comfortable polo dress that blends sporty texture with a neat everyday profile.,Pair with canvas sneakers and a light cardigan.,https://raw.githubusercontent.com/J0nathan1ei/IS5542/main/11.jpg
12,Champagne Satin Camisole,Camisole,Female,Spring / Summer,"Elegant, minimal","Date night, layering, dinner",Champagne,Polyester satin,HKD 239,"S, M, L",A smooth satin camisole with a subtle sheen for refined layering or standalone styling.,Looks polished with high-waist trousers and a cropped blazer.,https://raw.githubusercontent.com/J0nathan1ei/IS5542/main/12.jpg
13,Khaki Hooded Parka,Parka,Female,Autumn / Winter,"Functional, casual","Travel, rainy day, weekend errand",Khaki,Nylon blend,HKD 749,"S, M, L",A hooded parka designed for light protection and everyday urban practicality.,"Works well with knitwear, jeans, and lace-up boots.",https://raw.githubusercontent.com/J0nathan1ei/IS5542/main/13.jpg
14,Lavender Cropped Sweater,Cropped Sweater,Female,Autumn / Winter,"Playful, cozy","Campus, coffee meetup, casual date",Lavender,Acrylic blend,HKD 319,"S, M, L",A cropped sweater with a soft hand feel that brings a light and cheerful tone to cold days.,Pair it with a high-rise skirt or wide-leg jeans.,https://raw.githubusercontent.com/J0nathan1ei/IS5542/main/14.jpg
15,White Chiffon Blouse,Blouse,Female,Spring / Summer,"Refined, airy","Office, presentation, formal lunch",White,Polyester chiffon,HKD 289,"S, M, L",An airy chiffon blouse with a graceful drape for polished daywear.,Tuck it into tailored pants or a pencil skirt.,https://raw.githubusercontent.com/J0nathan1ei/IS5542/main/15.jpg
16,Black High-Waist Pencil Skirt,Pencil Skirt,Female,All Season,"Professional, sleek","Office, interview, business event",Black,Stretch ponte,HKD 349,"S, M, L",A high-waist pencil skirt that creates a sharp and flattering office-ready silhouette.,Combine it with a silk blouse and pointed flats.,https://raw.githubusercontent.com/J0nathan1ei/IS5542/main/16.jpg
17,Sand Lightweight Utility Vest,Utility Vest,Female,Spring / Autumn,"Outdoor casual, practical","Travel, festival, weekend outing",Sand,Cotton blend,HKD 309,"S, M, L",A lightweight utility vest with functional pockets for layering in active settings.,Layer over a tee dress or long-sleeve top with cargo pants.,https://raw.githubusercontent.com/J0nathan1ei/IS5542/main/17.jpg
18,Wine Quilted Jacket,Quilted Jacket,Female,Autumn / Winter,"Casual chic, warm","Weekend, market visit, commute",Wine,Polyester quilt,HKD 489,"S, M, L","A quilted jacket that offers warmth without bulk, finished in a rich seasonal shade.",Pair it with straight jeans and a ribbed turtleneck.,https://raw.githubusercontent.com/J0nathan1ei/IS5542/main/18.jpg
19,Camel Slim Turtleneck Top,Turtleneck Top,Female,Autumn / Winter,"Minimal, polished","Office, layering, daily wear",Camel,Modal blend,HKD 219,"S, M, L",A slim turtleneck top ideal for layering under outerwear or knitwear in cooler months.,"Style with a midi skirt, trousers, or sleeveless dress.",https://raw.githubusercontent.com/J0nathan1ei/IS5542/main/19.jpg
20,Mid Blue Straight Jeans,Straight Jeans,Female,All Season,"Casual, timeless","Daily wear, shopping, casual meetup",Mid Blue,Cotton denim,HKD 399,"XS, S, M, L",Straight-cut jeans with a balanced silhouette that work across seasons and trends.,"Pairs easily with tees, blouses, and ankle boots.",https://raw.githubusercontent.com/J0nathan1ei/IS5542/main/20.jpg
21,Rust Floral Wrap Dress,Wrap Dress,Female,Spring / Summer,"Romantic, feminine","Brunch, date, garden party",Rust,Viscose,HKD 459,"S, M, L",A floral wrap dress that highlights the waist and brings movement to warm-weather dressing.,Wear it with strappy sandals and a woven handbag.,https://raw.githubusercontent.com/J0nathan1ei/IS5542/main/21.jpg
22,Black Cropped Bomber Jacket,Bomber Jacket,Female,Spring / Autumn,"Street casual, cool","Concert, night out, weekend",Black,Nylon,HKD 519,"S, M, L",A cropped bomber jacket with a clean sporty edge for transitional styling.,Team it with a tank dress or cargo pants and sneakers.,https://raw.githubusercontent.com/J0nathan1ei/IS5542/main/22.jpg
23,Heather Grey Midi Coat,Midi Coat,Female,Autumn / Winter,"Minimal, sophisticated","Commute, office, city outing",Heather Grey,Wool blend,HKD 899,"S, M, L",A structured midi coat that offers warmth and a streamlined silhouette for cooler days.,Layer over knitwear and tailored trousers for a polished outfit.,https://raw.githubusercontent.com/J0nathan1ei/IS5542/main/23.jpg
24,Navy Tailored Culottes,Culottes,Female,Spring / Summer,"Smart casual, modern","Office casual, lunch, travel",Navy,Polyester blend,HKD 339,"S, M, L",Tailored culottes that combine the comfort of shorts with the appearance of a clean skirt-like shape.,Match with a tucked blouse and low block heels.,https://raw.githubusercontent.com/J0nathan1ei/IS5542/main/24.jpg
25,Blush Relaxed Sweatshirt,Sweatshirt,Female,Autumn / Winter,"Casual, cozy","Home, travel, casual outing",Blush,Cotton terry,HKD 269,"S, M, L",A relaxed sweatshirt with a soft finish for easy comfort and everyday styling.,"Wear with biker shorts, jeans, or joggers.",https://raw.githubusercontent.com/J0nathan1ei/IS5542/main/25.jpg
26,Blue Oxford Button-Down Shirt,Oxford Shirt,Male,All Season,"Classic, smart casual","Office, campus, dinner",Blue,Cotton oxford,HKD 329,"M, L, XL",A crisp oxford shirt designed for dependable everyday smart casual dressing.,Pairs well with chinos and leather sneakers.,https://raw.githubusercontent.com/J0nathan1ei/IS5542/main/26.jpg
27,Khaki Slim Chino Pants,Chino Pants,Male,Spring / Autumn,"Clean, versatile","Office casual, weekend, date",Khaki,Cotton twill,HKD 379,"M, L, XL",Slim chino pants with a neat tapered leg for easy day-to-night wear.,Style with a polo shirt or button-down and loafers.,https://raw.githubusercontent.com/J0nathan1ei/IS5542/main/27.jpg
28,Indigo Washed Denim Shirt,Denim Shirt,Male,Spring / Autumn,"Rugged casual, timeless","Weekend, travel, casual office",Indigo,Cotton denim,HKD 359,"M, L, XL",A washed denim shirt that brings texture and a laid-back masculine look to everyday outfits.,Layer over a white tee with black jeans.,https://raw.githubusercontent.com/J0nathan1ei/IS5542/main/28.jpg
29,Green Varsity Jacket,Varsity Jacket,Male,Autumn / Winter,"Sporty, youthful","Campus, game day, casual outing",Green,Wool blend,HKD 599,"M, L, XL",A varsity jacket with contrast trim that adds a collegiate edge to cool-weather outfits.,Best matched with joggers or straight denim and sneakers.,https://raw.githubusercontent.com/J0nathan1ei/IS5542/main/29.jpg
30,Cream Knit Polo Shirt,Knit Polo,Male,Spring / Summer,"Refined casual, retro","Resort, dinner, casual Friday",Cream,Cotton knit,HKD 349,"M, L, XL",A knit polo shirt combining breathable comfort with a slightly elevated vintage-inspired finish.,Wear with tailored shorts or linen trousers.,https://raw.githubusercontent.com/J0nathan1ei/IS5542/main/30.jpg
31,Stone Cargo Shorts,Cargo Shorts,Male,Spring / Summer,"Utility, casual","Travel, outdoor walk, weekend errand",Stone,Cotton blend,HKD 299,"M, L, XL",Practical cargo shorts with roomy pockets for functional warm-weather dressing.,Pair with a graphic tee and sporty sandals.,https://raw.githubusercontent.com/J0nathan1ei/IS5542/main/31.jpg
32,Navy Harrington Jacket,Harrington Jacket,Male,Spring / Autumn,"Classic, urban","Commute, dinner, city walk",Navy,Polyester cotton blend,HKD 529,"M, L, XL",A clean Harrington jacket that balances lightweight protection with timeless style.,Layer over a crewneck tee and tapered chinos.,https://raw.githubusercontent.com/J0nathan1ei/IS5542/main/32.jpg
33,Charcoal Crewneck Sweater,Crewneck Sweater,Male,Autumn / Winter,"Minimal, cozy","Office casual, home gathering, travel",Charcoal,Merino wool blend,HKD 469,"M, L, XL",A fine-gauge crewneck sweater with understated polish for cooler seasons.,Matches well with wool trousers or dark denim.,https://raw.githubusercontent.com/J0nathan1ei/IS5542/main/33.jpg
34,Olive Puffer Vest,Puffer Vest,Male,Autumn / Winter,"Outdoor casual, practical","Travel, layering, weekend",Olive,Recycled polyester,HKD 439,"M, L, XL",A lightweight puffer vest that adds warmth without restricting movement.,Layer over a hoodie or flannel shirt with jeans.,https://raw.githubusercontent.com/J0nathan1ei/IS5542/main/34.jpg
35,Black Tailored Suit Trousers,Suit Trousers,Male,All Season,"Formal, sharp","Meeting, interview, ceremony",Black,Polyester rayon blend,HKD 429,"M, L, XL",Tailored suit trousers with a clean break and sleek finish for formal dressing.,Combine with a dress shirt and matching blazer.,https://raw.githubusercontent.com/J0nathan1ei/IS5542/main/35.jpg
36,White Waffle Henley Shirt,Henley Shirt,Male,Spring / Autumn,"Relaxed, rugged","Weekend, travel, casual meetup",White,Cotton waffle knit,HKD 249,"M, L, XL",A textured henley shirt that adds subtle detail to a laid-back everyday look.,"Pair with cargo pants, denim, or joggers.",https://raw.githubusercontent.com/J0nathan1ei/IS5542/main/36.jpg
37,Slate Lightweight Windbreaker,Windbreaker,Male,Spring / Autumn,"Sporty, functional","Running errands, commute, light outdoor use",Slate,Nylon,HKD 399,"M, L, XL",A lightweight windbreaker built for breezy days and on-the-go layering.,"Works with joggers, shorts, and running shoes.",https://raw.githubusercontent.com/J0nathan1ei/IS5542/main/37.jpg
38,Red Black Check Flannel Shirt,Flannel Shirt,Male,Autumn / Winter,"Casual, outdoorsy","Camping, weekend, casual gathering",Red / Black,Brushed cotton,HKD 319,"M, L, XL",A soft flannel shirt in classic checks for warm and relaxed cold-season styling.,Layer over a plain tee with dark jeans and boots.,https://raw.githubusercontent.com/J0nathan1ei/IS5542/main/38.jpg
39,Dark Grey Tapered Jogger Pants,Jogger Pants,Male,All Season,"Athleisure, casual","Gym commute, travel, lounge",Dark Grey,Cotton polyester blend,HKD 289,"M, L, XL","Tapered jogger pants designed for comfort, movement, and clean off-duty style.","Pair with a hoodie, bomber jacket, or training tee.",https://raw.githubusercontent.com/J0nathan1ei/IS5542/main/39.jpg
40,Camel Wool Overcoat,Overcoat,Male,Autumn / Winter,"Elegant, formal","Office, dinner, winter commute",Camel,Wool blend,HKD 999,"M, L, XL",A structured wool overcoat that delivers warmth and a sophisticated silhouette.,Wear over a turtleneck or suit for a refined finish.,https://raw.githubusercontent.com/J0nathan1ei/IS5542/main/40.jpg
41,Navy Stripe Rugby Shirt,Rugby Shirt,Male,Spring / Autumn,"Preppy, sporty","Campus, weekend, casual day out",Navy,Cotton jersey,HKD 339,"M, L, XL",A rugby shirt with bold stripes and a sturdy collar for casual heritage style.,Matches well with chinos and retro sneakers.,https://raw.githubusercontent.com/J0nathan1ei/IS5542/main/41.jpg
42,Light Grey Seersucker Blazer,Seersucker Blazer,Male,Spring / Summer,"Smart casual, breathable","Garden party, office event, dinner",Light Grey,Cotton seersucker,HKD 649,"M, L, XL",A breathable seersucker blazer that keeps formal looks relaxed in warmer weather.,Style with a white tee or dress shirt and loafers.,https://raw.githubusercontent.com/J0nathan1ei/IS5542/main/42.jpg
43,Brown Corduroy Jacket,Corduroy Jacket,Male,Autumn / Winter,"Vintage casual, textured","Weekend, cafe, city stroll",Brown,Cotton corduroy,HKD 559,"M, L, XL",A corduroy jacket with a soft ribbed texture that adds warmth and character.,Pair it with a knit tee and straight-leg trousers.,https://raw.githubusercontent.com/J0nathan1ei/IS5542/main/43.jpg
44,Ivory Linen Drawstring Trousers,Linen Trousers,Male,Spring / Summer,"Resort, relaxed","Vacation, brunch, seaside walk",Ivory,Linen cotton blend,HKD 389,"M, L, XL",Relaxed linen trousers with a drawstring waist for breathable comfort in hot weather.,Wear with an open-collar shirt and espadrilles.,https://raw.githubusercontent.com/J0nathan1ei/IS5542/main/44.jpg
45,Black Graphic Print T-Shirt,T-Shirt,Male,Spring / Summer,"Street casual, expressive","Concert, casual outing, daily wear",Black,Cotton jersey,HKD 199,"M, L, XL",A soft graphic T-shirt designed to add personality to simple casual outfits.,"Pairs well with cargo shorts, denim, or layered overshirts.",https://raw.githubusercontent.com/J0nathan1ei/IS5542/main/45.jpg
46,Mocha Mock Neck Sweater,Mock Neck Sweater,Male,Autumn / Winter,"Modern, polished","Office, dinner, weekend",Mocha,Viscose nylon blend,HKD 399,"M, L, XL",A mock neck sweater offering a modern alternative to the classic crewneck for cooler days.,Looks sharp with tailored pants and Chelsea boots.,https://raw.githubusercontent.com/J0nathan1ei/IS5542/main/46.jpg
47,Teal Zip Track Jacket,Track Jacket,Male,Spring / Autumn,"Sporty, retro","Travel, casual outing, athleisure",Teal,Polyester knit,HKD 359,"M, L, XL",A zip track jacket with a retro sports feel and easy everyday wearability.,Match with joggers or relaxed jeans and trainers.,https://raw.githubusercontent.com/J0nathan1ei/IS5542/main/47.jpg
48,Sand Pleated Shorts,Pleated Shorts,Male,Spring / Summer,"Smart casual, clean","Brunch, vacation, summer event",Sand,Cotton blend,HKD 279,"M, L, XL",Pleated shorts that offer a tidier and more elevated alternative to basic casual shorts.,Wear with a knit polo and leather sandals.,https://raw.githubusercontent.com/J0nathan1ei/IS5542/main/48.jpg
49,Midnight Down Parka,Down Parka,Male,Autumn / Winter,"Functional, warm","Cold commute, travel, outdoor use",Midnight,Down-filled nylon,HKD 1099,"M, L, XL",A down parka designed for strong insulation and dependable protection in colder weather.,Layer over thick knitwear with denim and winter boots.,https://raw.githubusercontent.com/J0nathan1ei/IS5542/main/49.jpg
50,Sage Utility Overshirt,Utility Shirt,Male,Spring / Autumn,"Workwear, casual","Weekend, travel, layering",Sage,Cotton twill,HKD 409,"M, L, XL",A utility overshirt with practical pockets that works as both a shirt and light jacket.,Style over a plain tee with chinos or carpenter pants.,https://raw.githubusercontent.com/J0nathan1ei/IS5542/main/50.jpg
51,Powder Blue Puff Sleeve Blouse,Puff Sleeve Blouse,Female,Spring / Summer,"Romantic, soft","Brunch, office casual, weekend",Powder Blue,Cotton poplin,HKD 309,"S, M, L",A puff sleeve blouse that adds volume and charm while remaining easy to dress up or down.,Style with slim trousers or an A-line skirt and low heels.,https://raw.githubusercontent.com/J0nathan1ei/IS5542/main/51.jpg
52,Mauve Tiered Maxi Dress,Maxi Dress,Female,Spring / Summer,"Bohemian, graceful","Vacation, garden event, date",Mauve,Rayon,HKD 529,"S, M, L","A tiered maxi dress with fluid movement and a light, feminine mood for warm days.",Pair with flat sandals and a woven shoulder bag.,https://raw.githubusercontent.com/J0nathan1ei/IS5542/main/52.jpg
53,Ash Grey Cropped Trench Jacket,Trench Jacket,Female,Spring / Autumn,"Modern, smart casual","Commute, city outing, dinner",Ash Grey,Polyester cotton blend,HKD 589,"S, M, L",A cropped trench-inspired jacket that delivers a structured silhouette without feeling heavy.,Wear it with a fitted knit top and high-waist jeans.,https://raw.githubusercontent.com/J0nathan1ei/IS5542/main/53.jpg
54,Butter Yellow A-Line Skirt,A-Line Skirt,Female,Spring / Summer,"Fresh, youthful","Campus, cafe, picnic",Butter Yellow,Cotton blend,HKD 279,"S, M, L",A light A-line skirt that brightens everyday outfits with a cheerful seasonal color.,Matches nicely with a tucked-in tee and white sneakers.,https://raw.githubusercontent.com/J0nathan1ei/IS5542/main/54.jpg
55,Grey Marl Knit Vest,Knit Vest,Female,Autumn / Winter,"Layered, preppy","Campus, office casual, daily wear",Grey Marl,Acrylic wool blend,HKD 249,"S, M, L",A sleeveless knit vest made for easy layering over shirts and dresses in cooler weather.,Layer over an oxford shirt with tailored shorts or trousers.,https://raw.githubusercontent.com/J0nathan1ei/IS5542/main/55.jpg
56,Terracotta Paperbag Shorts,Paperbag Shorts,Female,Spring / Summer,"Casual chic, relaxed","Vacation, shopping, weekend",Terracotta,Linen blend,HKD 269,"S, M, L",Paperbag waist shorts that create a flattering shape while staying breathable in warm weather.,Pair with a fitted tank top and strappy sandals.,https://raw.githubusercontent.com/J0nathan1ei/IS5542/main/56.jpg
57,Jet Black Slip Dress,Slip Dress,Female,All Season,"Minimal, elegant","Dinner, party, layered styling",Jet Black,Polyester satin,HKD 419,"S, M, L",A sleek slip dress with a clean neckline for understated evening or layered daytime looks.,Wear with a blazer and heels or layer over a tee.,https://raw.githubusercontent.com/J0nathan1ei/IS5542/main/57.jpg
58,Mint Green Cropped Cardigan,Cropped Cardigan,Female,Spring / Autumn,"Soft, playful","Campus, casual date, daily wear",Mint Green,Viscose blend,HKD 289,"S, M, L",A cropped cardigan with a light knit texture for easy layering across mild seasons.,"Looks great with a camisole, denim skirt, and loafers.",https://raw.githubusercontent.com/J0nathan1ei/IS5542/main/58.jpg
59,Oatmeal Relaxed Knit Pants,Knit Pants,Female,Autumn / Winter,"Cozy, lounge chic","Home, travel, coffee run",Oatmeal,Soft knit blend,HKD 339,"S, M, L",Relaxed knit pants that combine softness and polish for elevated comfort dressing.,Style with a matching sweater or fitted long-sleeve top.,https://raw.githubusercontent.com/J0nathan1ei/IS5542/main/59.jpg
60,Coral Smocked Midi Dress,Smocked Dress,Female,Spring / Summer,"Feminine, airy","Beach holiday, brunch, resort",Coral,Cotton voile,HKD 499,"S, M, L",A smocked midi dress with light volume and breathable fabric for sunny-day wear.,Pair with espadrilles and a straw tote.,https://raw.githubusercontent.com/J0nathan1ei/IS5542/main/60.jpg
61,Dark Olive Faux Leather Skirt,Leather Skirt,Female,Autumn / Winter,"Edgy, contemporary","Dinner, concert, night out",Dark Olive,Faux leather,HKD 359,"S, M, L",A sleek faux leather skirt that adds texture and attitude to cold-weather outfits.,Match with a fine knit top and knee-high boots.,https://raw.githubusercontent.com/J0nathan1ei/IS5542/main/61.jpg
62,Ivory Lace Trim Top,Lace Top,Female,Spring / Summer,"Delicate, elegant","Date, tea gathering, office casual",Ivory,Cotton blend,HKD 259,"S, M, L",A lace-trim top that gives simple outfits a delicate and refined finish.,Wear it with wide-leg pants or a satin midi skirt.,https://raw.githubusercontent.com/J0nathan1ei/IS5542/main/62.jpg
63,Denim Blue Shirt Dress,Shirt Dress,Female,Spring / Autumn,"Casual, neat","Weekend, travel, casual office",Denim Blue,Tencel denim,HKD 469,"S, M, L",A shirt dress with a relaxed shape and easy button-front styling for all-day comfort.,Pair it with sneakers and a canvas tote or belt it at the waist.,https://raw.githubusercontent.com/J0nathan1ei/IS5542/main/63.jpg
64,Peach Softshell Jacket,Softshell Jacket,Female,Spring / Autumn,"Outdoor casual, functional","Travel, light hiking, rainy day",Peach,Softshell polyester,HKD 529,"S, M, L",A lightweight softshell jacket with gentle structure for active days and changing weather.,Layer over leggings and a performance tee.,https://raw.githubusercontent.com/J0nathan1ei/IS5542/main/64.jpg
65,Black Flared Leggings,Leggings,Female,All Season,"Athleisure, flattering","Yoga, commute, casual outing",Black,Stretch nylon blend,HKD 239,"S, M, L",Flared leggings that blend comfort and a lengthening silhouette for active or casual wear.,Pair with a cropped hoodie or fitted tank top.,https://raw.githubusercontent.com/J0nathan1ei/IS5542/main/65.jpg
66,Lilac Thermal Long Sleeve,Thermal Top,Female,Autumn / Winter,"Casual, cozy","Layering, travel, home",Lilac,Cotton thermal knit,HKD 199,"S, M, L",A thermal long-sleeve top that provides warmth and soft texture for cooler days.,"Works well under shackets, cardigans, or puffer vests.",https://raw.githubusercontent.com/J0nathan1ei/IS5542/main/66.jpg
67,Warm Beige Teddy Coat,Teddy Coat,Female,Autumn / Winter,"Cozy, statement","Winter outing, travel, cafe",Warm Beige,Faux shearling,HKD 829,"S, M, L","A plush teddy coat that adds softness, warmth, and visual texture to winter looks.","Style with slim knitwear, jeans, and ankle boots.",https://raw.githubusercontent.com/J0nathan1ei/IS5542/main/67.jpg
68,Seafoam Pleated Shorts,Pleated Shorts,Female,Spring / Summer,"Clean, preppy","Brunch, city walk, vacation",Seafoam,Cotton blend,HKD 249,"S, M, L",Pleated shorts with a neat front and lightweight feel for polished summer dressing.,Pair with a tucked blouse and loafers or sandals.,https://raw.githubusercontent.com/J0nathan1ei/IS5542/main/68.jpg
69,Rose Brown Suede Biker Jacket,Biker Jacket,Female,Autumn / Winter,"Cool, urban","Concert, dinner, weekend outing",Rose Brown,Faux suede,HKD 639,"S, M, L",A biker jacket in soft faux suede that combines classic edge with a warmer seasonal finish.,Wear over a knit dress or tee and high-rise jeans.,https://raw.githubusercontent.com/J0nathan1ei/IS5542/main/69.jpg
70,Cocoa Knit Midi Skirt,Knit Skirt,Female,Autumn / Winter,"Minimal, cozy","Office, dinner, daily wear",Cocoa,Ribbed knit blend,HKD 329,"S, M, L",A knit midi skirt with gentle stretch and a streamlined profile for colder seasons.,Team it with a turtleneck and knee boots.,https://raw.githubusercontent.com/J0nathan1ei/IS5542/main/70.jpg
71,White Eyelet Summer Top,Eyelet Top,Female,Spring / Summer,"Fresh, feminine","Picnic, vacation, weekend",White,Cotton eyelet,HKD 279,"S, M, L",An eyelet top with breathable texture and soft detail for light summer styling.,Looks lovely with denim shorts or a linen skirt.,https://raw.githubusercontent.com/J0nathan1ei/IS5542/main/71.jpg
72,Graphite Double-Breasted Coat,Double-Breasted Coat,Female,Autumn / Winter,"Tailored, sophisticated","Commute, office, formal outing",Graphite,Wool blend,HKD 959,"S, M, L",A double-breasted coat with a structured line for a sharp and refined winter wardrobe.,Layer over a blouse and tailored trousers for an elegant finish.,https://raw.githubusercontent.com/J0nathan1ei/IS5542/main/72.jpg
73,Sandstone Wrap Knit Top,Wrap Top,Female,Spring / Autumn,"Smart casual, flattering","Office casual, lunch, date",Sandstone,Modal blend,HKD 269,"S, M, L",A wrap-style knit top that creates a defined waist and polished everyday shape.,Pair with wide-leg pants or a satin skirt.,https://raw.githubusercontent.com/J0nathan1ei/IS5542/main/73.jpg
74,Berry Velvet Evening Dress,Evening Dress,Female,Autumn / Winter,"Elegant, festive","Party, dinner, celebration",Berry,Velvet blend,HKD 699,"S, M, L",A velvet evening dress with rich texture and a graceful silhouette for special occasions.,"Style with heels, a clutch, and delicate jewelry.",https://raw.githubusercontent.com/J0nathan1ei/IS5542/main/74.jpg
75,Taupe Relaxed Cargo Pants,Cargo Pants,Female,Spring / Autumn,"Utility, street casual","Travel, weekend, concert",Taupe,Cotton twill,HKD 389,"S, M, L",Relaxed cargo pants with functional pocket details and a laid-back city attitude.,"Wear with a fitted tee, bomber jacket, and sneakers.",https://raw.githubusercontent.com/J0nathan1ei/IS5542/main/75.jpg
76,White Mandarin Collar Shirt,Mandarin Shirt,Male,Spring / Summer,"Clean, modern","Dinner, office casual, vacation",White,Cotton linen blend,HKD 319,"M, L, XL",A mandarin collar shirt with a neat neckline and breathable feel for refined warm-weather looks.,Pairs well with cropped trousers and loafers.,https://raw.githubusercontent.com/J0nathan1ei/IS5542/main/76.jpg
77,Dusty Brown Workwear Jacket,Workwear Jacket,Male,Spring / Autumn,"Utility, rugged","Weekend, travel, casual day out",Dusty Brown,Cotton canvas,HKD 579,"M, L, XL",A sturdy workwear jacket built with practical styling and a timeless masculine shape.,Layer over a henley shirt with denim and boots.,https://raw.githubusercontent.com/J0nathan1ei/IS5542/main/77.jpg
78,Grey Pinstripe Dress Shirt,Dress Shirt,Male,All Season,"Formal, professional","Office, presentation, meeting",Grey,Cotton blend,HKD 369,"M, L, XL",A pinstripe dress shirt that keeps business outfits sharp and polished throughout the year.,Style with suit trousers and an understated tie.,https://raw.githubusercontent.com/J0nathan1ei/IS5542/main/78.jpg
79,Marine Blue Swim Shorts,Swim Shorts,Male,Spring / Summer,"Resort, sporty","Beach, pool, vacation",Marine Blue,Quick-dry polyester,HKD 259,"M, L, XL",Quick-dry swim shorts designed for comfort in and out of the water on holiday days.,Wear with a linen shirt and slide sandals.,https://raw.githubusercontent.com/J0nathan1ei/IS5542/main/79.jpg
80,Moss Green Fleece Pullover,Fleece Pullover,Male,Autumn / Winter,"Outdoor casual, cozy","Camping, travel, weekend",Moss Green,Polyester fleece,HKD 339,"M, L, XL",A soft fleece pullover that adds warmth and comfort for cool-weather layering.,"Pair with hiking pants, jeans, or joggers.",https://raw.githubusercontent.com/J0nathan1ei/IS5542/main/80.jpg
81,Black Sleeveless Training Tank,Training Tank,Male,Spring / Summer,"Sporty, performance","Gym, running, training",Black,Moisture-wicking polyester,HKD 179,"M, L, XL",A sleeveless training tank made for breathability and unrestricted movement during workouts.,Match with performance shorts and trainers.,https://raw.githubusercontent.com/J0nathan1ei/IS5542/main/81.jpg
82,Beige Textured Camp Collar Shirt,Camp Collar Shirt,Male,Spring / Summer,"Relaxed, resort","Vacation, brunch, summer party",Beige,Textured rayon blend,HKD 309,"M, L, XL",A camp collar shirt with a relaxed drape for easy-going summer styling.,Wear open over a tank top with drawstring shorts.,https://raw.githubusercontent.com/J0nathan1ei/IS5542/main/82.jpg
83,Deep Navy Merino Cardigan,Cardigan,Male,Autumn / Winter,"Classic, polished","Office, dinner, layering",Deep Navy,Merino wool,HKD 489,"M, L, XL",A fine merino cardigan that adds warmth and a tidy layered finish for cooler days.,Layer over an oxford shirt with chinos.,https://raw.githubusercontent.com/J0nathan1ei/IS5542/main/83.jpg
84,Cement Straight Cargo Pants,Cargo Pants,Male,Spring / Autumn,"Utility, streetwear","Travel, weekend, city outing",Cement,Cotton ripstop,HKD 419,"M, L, XL",Straight cargo pants with a durable texture and practical storage for everyday wear.,Pair with a graphic tee and overshirt.,https://raw.githubusercontent.com/J0nathan1ei/IS5542/main/84.jpg
85,Burgundy Quarter-Zip Sweatshirt,Quarter-Zip Sweatshirt,Male,Autumn / Winter,"Casual, collegiate","Campus, lounge, coffee run",Burgundy,Cotton fleece,HKD 319,"M, L, XL",A quarter-zip sweatshirt that mixes comfort with a slightly smarter sporty finish.,Style with chinos or joggers and white sneakers.,https://raw.githubusercontent.com/J0nathan1ei/IS5542/main/85.jpg
86,Sand Knit Tank Top,Knit Tank,Male,Spring / Summer,"Minimal, modern","Vacation, layering, casual outing",Sand,Cotton knit,HKD 229,"M, L, XL","A knit tank top for warm days, offering texture and a clean silhouette.",Looks good with loose linen trousers or shorts.,https://raw.githubusercontent.com/J0nathan1ei/IS5542/main/86.jpg
87,Black Faux Leather Bomber,Faux Leather Jacket,Male,Autumn / Winter,"Urban, edgy","Night out, concert, weekend",Black,Faux leather,HKD 679,"M, L, XL",A faux leather bomber jacket with a sleek finish for sharp cold-season styling.,Wear over a plain tee with dark denim and boots.,https://raw.githubusercontent.com/J0nathan1ei/IS5542/main/87.jpg
88,Ice Blue Performance Polo,Performance Polo,Male,Spring / Summer,"Sport smart, breathable","Golf, office casual, travel",Ice Blue,Polyester spandex blend,HKD 289,"M, L, XL","A performance polo shirt that blends stretch, breathability, and a tidy look.",Pairs well with chino shorts or lightweight trousers.,https://raw.githubusercontent.com/J0nathan1ei/IS5542/main/88.jpg
89,Coffee Ribbed Long Sleeve,Ribbed Top,Male,Autumn / Winter,"Casual, fitted","Daily wear, layering, date",Coffee,Cotton rib knit,HKD 239,"M, L, XL",A ribbed long-sleeve top with a close fit that works well on its own or under jackets.,Match with straight jeans and a wool coat.,https://raw.githubusercontent.com/J0nathan1ei/IS5542/main/89.jpg
90,Olive Field Jacket,Field Jacket,Male,Spring / Autumn,"Military-inspired, practical","Commute, travel, weekend",Olive,Cotton nylon blend,HKD 629,"M, L, XL",A field jacket with patch pockets and a structured shape for versatile transitional styling.,"Layer it with knitwear, chinos, and leather boots.",https://raw.githubusercontent.com/J0nathan1ei/IS5542/main/90.jpg
91,White Relaxed Fit Jeans,Jeans,Male,Spring / Summer,"Clean, casual","Weekend, vacation, city stroll",White,Cotton denim,HKD 409,"M, L, XL",Relaxed fit jeans in crisp white for a fresh and modern casual wardrobe.,Wear with a knit polo or striped tee and loafers.,https://raw.githubusercontent.com/J0nathan1ei/IS5542/main/91.jpg
92,Sunset Orange Resort Shirt,Resort Shirt,Male,Spring / Summer,"Bold, relaxed","Beach dinner, holiday, weekend",Sunset Orange,Viscose,HKD 299,"M, L, XL",A resort shirt with a fluid drape and vibrant tone for standout warm-weather outfits.,Style with neutral shorts and open sandals.,https://raw.githubusercontent.com/J0nathan1ei/IS5542/main/92.jpg
93,Graphite Tech Joggers,Tech Joggers,Male,All Season,"Athleisure, streamlined","Travel, commute, casual sport",Graphite,Nylon spandex blend,HKD 369,"M, L, XL",Tech joggers with stretch and a tapered fit for movement-friendly modern dressing.,Pair with a zip hoodie or performance tee.,https://raw.githubusercontent.com/J0nathan1ei/IS5542/main/93.jpg
94,Chestnut Shawl Collar Cardigan,Shawl Cardigan,Male,Autumn / Winter,"Cozy, heritage","Home gathering, weekend, cafe",Chestnut,Wool acrylic blend,HKD 459,"M, L, XL",A shawl collar cardigan that brings warmth and classic texture to relaxed winter outfits.,Layer over a henley shirt with denim.,https://raw.githubusercontent.com/J0nathan1ei/IS5542/main/94.jpg
95,Blue Grey Longline Coat,Longline Coat,Male,Autumn / Winter,"Sophisticated, minimal","Office, dinner, city commute",Blue Grey,Wool blend,HKD 1049,"M, L, XL",A longline coat with a clean silhouette that instantly elevates cold-weather outfits.,Wear over a sweater and tailored trousers for a refined look.,https://raw.githubusercontent.com/J0nathan1ei/IS5542/main/95.jpg
96,Stone Pleated Linen Shorts,Linen Shorts,Male,Spring / Summer,"Resort casual, breathable","Vacation, brunch, warm-weather outing",Stone,Linen blend,HKD 289,"M, L, XL",Pleated linen shorts that keep summer looks airy while remaining polished.,Match with a camp collar shirt and leather sandals.,https://raw.githubusercontent.com/J0nathan1ei/IS5542/main/96.jpg
97,Dark Plum Velvet Blazer,Velvet Blazer,Male,Autumn / Winter,"Formal, statement","Party, dinner, celebration",Dark Plum,Cotton velvet,HKD 759,"M, L, XL",A velvet blazer designed for festive occasions where texture and depth make an impact.,Style with black trousers and a crisp dress shirt.,https://raw.githubusercontent.com/J0nathan1ei/IS5542/main/97.jpg
98,Heather Beige Thermal Hoodie,Thermal Hoodie,Male,Autumn / Winter,"Casual, warm","Travel, weekend, layering",Heather Beige,Thermal knit cotton blend,HKD 339,"M, L, XL",A thermal hoodie with textured fabric and soft warmth for cool relaxed days.,Wear with joggers or cargo pants and trainers.,https://raw.githubusercontent.com/J0nathan1ei/IS5542/main/98.jpg
99,Dark Teal Carpenter Pants,Carpenter Pants,Male,Spring / Autumn,"Workwear, relaxed","Weekend, casual outing, travel",Dark Teal,Cotton canvas,HKD 399,"M, L, XL",Carpenter pants with utility-inspired detailing and a roomy everyday fit.,Pair with a pocket tee and overshirt.,https://raw.githubusercontent.com/J0nathan1ei/IS5542/main/99.jpg
100,Ivory Mock Neck Tee,Mock Neck T-Shirt,Male,Spring / Summer,"Minimal, clean","Cafe, daily wear, casual office",Ivory,Cotton jersey,HKD 209,"M, L, XL",A mock neck tee that looks sharper than a standard T-shirt while staying easy to wear.,Combine with pleated trousers or straight denim.,https://raw.githubusercontent.com/J0nathan1ei/IS5542/main/100.jpg
101,White Interview Tailored Shirt,Dress Shirt,Female,All Season,"Professional, polished","Interview, office, business meeting",White,Cotton stretch blend,HKD 369,"S, M, L",A tailored dress shirt designed for interviews and formal work settings with a crisp and confident look.,Pairs well with a navy blazer and straight-leg trousers.,https://raw.githubusercontent.com/J0nathan1ei/IS5542/main/101.jpg
102,Pale Blue Office Oxford Shirt,Oxford Shirt,Female,All Season,"Smart casual, professional","Office, presentation, client meeting",Pale Blue,Cotton oxford,HKD 339,"S, M, L",A structured oxford shirt that balances comfort and professionalism for long office days.,Style with ankle-length trousers and loafers.,https://raw.githubusercontent.com/J0nathan1ei/IS5542/main/102.jpg
103,Charcoal Commute Blouse,Blouse,Female,Spring / Autumn,"Minimal, office-ready","Commute, office, formal lunch",Charcoal,Polyester crepe,HKD 309,"S, M, L",A wrinkle-resistant blouse made for efficient weekday dressing and easy layering under jackets.,Match with a pencil skirt and low heels.,https://raw.githubusercontent.com/J0nathan1ei/IS5542/main/103.jpg
104,Navy Presentation Wrap Top,Wrap Top,Female,All Season,"Elegant, refined","Presentation, conference, office event",Navy,Modal blend,HKD 289,"S, M, L",A wrap-style top that creates a composed silhouette suitable for presentations and business events.,Wear with tailored culottes and a structured tote.,https://raw.githubusercontent.com/J0nathan1ei/IS5542/main/104.jpg
105,Black Workday Straight Trousers,Trousers,Female,All Season,"Professional, versatile","Office, interview, daily commute",Black,Polyester rayon blend,HKD 429,"S, M, L, XL",Straight trousers with a clean front and comfortable drape for all-day professional wear.,Pair with a tucked shirt and kitten heels.,https://raw.githubusercontent.com/J0nathan1ei/IS5542/main/105.jpg
106,Stone Meeting Midi Dress,Midi Dress,Female,Spring / Autumn,"Understated, polished","Meeting, office, business dinner",Stone,Stretch knit blend,HKD 469,"S, M, L",A neat midi dress that looks polished on its own and layers well with blazers.,Complete the look with a slim belt and pumps.,https://raw.githubusercontent.com/J0nathan1ei/IS5542/main/106.jpg
107,Dusty Pink Reception Cardigan,Cardigan,Female,Spring / Autumn,"Soft professional, neat","Office, reception desk, campus work",Dusty Pink,Viscose knit,HKD 279,"S, M, L",A lightweight cardigan that softens formal outfits while staying appropriate for workplace settings.,Layer over a shell top and slim trousers.,https://raw.githubusercontent.com/J0nathan1ei/IS5542/main/107.jpg
108,Grey Interview Pencil Skirt,Pencil Skirt,Female,All Season,"Formal, streamlined","Interview, office, assessment center",Grey,Stretch ponte,HKD 329,"S, M, L",A structured pencil skirt that supports a sharp interview outfit without sacrificing mobility.,Combine with a white shirt and a fitted blazer.,https://raw.githubusercontent.com/J0nathan1ei/IS5542/main/108.jpg
109,Ivory Administrative Knit Top,Knit Top,Female,Spring / Autumn,"Clean, smart casual","Office, campus job, service desk",Ivory,Rayon knit,HKD 259,"S, M, L",A fine-knit top that feels soft yet polished enough for administrative and office environments.,Style with pleated trousers and simple flats.,https://raw.githubusercontent.com/J0nathan1ei/IS5542/main/109.jpg
110,Navy Client Meeting Blazer,Blazer,Female,All Season,"Tailored, authoritative","Client meeting, office, interview",Navy,Polyester blend,HKD 589,"S, M, L",A fitted blazer built for professional appointments where a sharp first impression matters.,Wear over a light blouse with tapered pants.,https://raw.githubusercontent.com/J0nathan1ei/IS5542/main/110.jpg
111,Black Breathable Running Tee,T-Shirt,Female,Spring / Summer,"Sporty, performance","Running, gym, outdoor training",Black,Moisture-wicking polyester,HKD 199,"S, M, L",A breathable running tee that dries quickly and keeps the body cool during high-movement workouts.,Match with compression shorts and running shoes.,https://raw.githubusercontent.com/J0nathan1ei/IS5542/main/111.jpg
112,Coral Quick-Dry Running Shorts,Running Shorts,Female,Spring / Summer,"Athletic, lightweight","Running, fitness class, park workout",Coral,Polyester spandex blend,HKD 219,"S, M, L",Lightweight running shorts with a flexible waistband and quick-dry finish for active sessions.,Pair with a sports bra and mesh tee.,https://raw.githubusercontent.com/J0nathan1ei/IS5542/main/112.jpg
113,Lilac Reflective Windbreaker,Windbreaker,Female,Spring / Autumn,"Active, functional","Morning run, light hiking, commute",Lilac,Nylon,HKD 459,"S, M, L",A lightweight windbreaker with reflective details for safer early-morning or evening exercise.,Layer over a performance tank and leggings.,https://raw.githubusercontent.com/J0nathan1ei/IS5542/main/113.jpg
114,Teal High-Stretch Tennis Dress,Tennis Dress,Female,Spring / Summer,"Sporty, clean","Tennis, country club, active weekend",Teal,Nylon elastane blend,HKD 499,"S, M, L",A sleeveless tennis dress with stretch and ease of movement for court activities.,Wear with a visor and white court shoes.,https://raw.githubusercontent.com/J0nathan1ei/IS5542/main/114.jpg
115,White Court Performance Polo,Polo Shirt,Female,Spring / Summer,"Athletic, polished","Tennis, golf range, sporty casual day",White,Performance pique,HKD 269,"S, M, L",A breathable performance polo suited for tennis and other polished active settings.,Style with a pleated skort and sneakers.,https://raw.githubusercontent.com/J0nathan1ei/IS5542/main/115.jpg
116,Navy Pleated Tennis Skort,Skort,Female,Spring / Summer,"Preppy, performance","Tennis, badminton, active outing",Navy,Stretch polyester,HKD 289,"S, M, L",A pleated tennis skort with built-in shorts for secure movement on court.,Pair with a fitted polo or racerback top.,https://raw.githubusercontent.com/J0nathan1ei/IS5542/main/116.jpg
117,Berry Training Sports Bra,Sports Bra,Female,All Season,"Performance, supportive","Gym, running, yoga",Berry,Nylon spandex blend,HKD 199,"S, M, L",A medium-support sports bra designed to keep workouts stable and comfortable.,Wear with matching leggings or running shorts.,https://raw.githubusercontent.com/J0nathan1ei/IS5542/main/117.jpg
118,Graphite Compression Leggings,Leggings,Female,All Season,"Athleisure, performance","Running, gym, yoga",Graphite,Compression knit,HKD 299,"S, M, L",Compression leggings that provide support during exercise while remaining easy to style post-workout.,Match with a cropped tee and training jacket.,https://raw.githubusercontent.com/J0nathan1ei/IS5542/main/118.jpg
119,Cream Winter Down Parka,Down Jacket,Female,Autumn / Winter,"Warm, practical","Cold commute, winter travel, outdoor queue",Cream,Down-filled nylon,HKD 1099,"S, M, L",A winter down parka built for strong insulation during cold urban commutes and travel days.,Layer with a thermal top and fleece-lined pants.,https://raw.githubusercontent.com/J0nathan1ei/IS5542/main/119.jpg
120,Mocha Thermal Base Layer,Thermal Top,Female,Autumn / Winter,"Functional, cozy","Layering, skiing trip, cold office",Mocha,Heat-retaining knit,HKD 229,"S, M, L",A thermal base layer that traps warmth and works well beneath sweaters or padded outerwear.,Wear under a down vest or wool coat.,https://raw.githubusercontent.com/J0nathan1ei/IS5542/main/120.jpg
121,Olive Outdoor Fleece Jacket,Fleece Jacket,Female,Autumn / Winter,"Outdoor casual, warm","Hiking, camping, chilly weekend",Olive,Polyester fleece,HKD 379,"S, M, L",A soft fleece jacket offering warmth for outdoor plans and relaxed cold-weather wear.,Style with cargo pants and trail sneakers.,https://raw.githubusercontent.com/J0nathan1ei/IS5542/main/121.jpg
122,Camel Wool Work Coat,Wool Coat,Female,Autumn / Winter,"Professional, warm","Office commute, formal outing, winter meeting",Camel,Wool blend,HKD 889,"S, M, L",A structured wool coat that keeps formal workwear warm during colder months.,Layer over a turtleneck dress and boots.,https://raw.githubusercontent.com/J0nathan1ei/IS5542/main/122.jpg
123,Black Rain-Ready Commute Coat,Rain Coat,Female,Spring / Autumn,"Functional, urban","Rainy commute, city walk, travel",Black,Water-resistant shell,HKD 629,"S, M, L",A streamlined rain-ready coat designed for wet weather without losing a smart city look.,Pair with ankle boots and a compact umbrella.,https://raw.githubusercontent.com/J0nathan1ei/IS5542/main/123.jpg
124,Sage Yoga Flex Tank,Tank Top,Female,Spring / Summer,"Active, minimal","Yoga, pilates, stretching",Sage,Nylon blend,HKD 189,"S, M, L",A flexible tank top with soft stretch for low-impact studio workouts and warm days.,Wear with high-rise leggings and grip socks.,https://raw.githubusercontent.com/J0nathan1ei/IS5542/main/124.jpg
125,Heather Grey Lounge Joggers,Jogger Pants,Female,Autumn / Winter,"Casual comfort, sporty","Travel, lounge, gym commute",Heather Grey,Cotton fleece,HKD 249,"S, M, L","Comfortable joggers suitable for recovery days, casual errands, and pre-workout layering.",Pair with a hoodie and running shoes.,https://raw.githubusercontent.com/J0nathan1ei/IS5542/main/125.jpg
126,White Interview Poplin Shirt,Dress Shirt,Male,All Season,"Professional, crisp","Interview, office, formal meeting",White,Cotton poplin,HKD 379,"M, L, XL",A crisp poplin dress shirt that creates a dependable professional look for interviews and formal workwear.,Style with navy trousers and a dark blazer.,https://raw.githubusercontent.com/J0nathan1ei/IS5542/main/126.jpg
127,Light Blue Corporate Oxford Shirt,Oxford Shirt,Male,All Season,"Classic, business casual","Office, client visit, presentation",Light Blue,Cotton oxford,HKD 349,"M, L, XL",A reliable oxford shirt designed for office rotation and business casual settings.,Wear with chinos or suit trousers and loafers.,https://raw.githubusercontent.com/J0nathan1ei/IS5542/main/127.jpg
128,Grey Formal Work Trousers,Trousers,Male,All Season,"Formal, structured","Office, interview, business event",Grey,Polyester wool blend,HKD 439,"M, L, XL",Tailored work trousers with a clean drape for sharp weekday dressing.,Pair with a dress shirt and leather belt.,https://raw.githubusercontent.com/J0nathan1ei/IS5542/main/128.jpg
129,Navy Meeting Room Blazer,Blazer,Male,All Season,"Professional, tailored","Meeting, interview, conference",Navy,Polyester viscose blend,HKD 639,"M, L, XL",A smart blazer built for business settings where a polished silhouette matters.,Layer over a white shirt with charcoal trousers.,https://raw.githubusercontent.com/J0nathan1ei/IS5542/main/129.jpg
130,White Stretch Performance Tee,T-Shirt,Male,Spring / Summer,"Sporty, performance","Running, gym, outdoor training",White,Moisture-wicking knit,HKD 209,"M, L, XL",A stretch performance tee that helps release heat during running and high-intensity sessions.,Match with lightweight running shorts and trainers.,https://raw.githubusercontent.com/J0nathan1ei/IS5542/main/130.jpg
131,Black Split-Hem Running Shorts,Running Shorts,Male,Spring / Summer,"Athletic, lightweight","Running, track workout, cardio session",Black,Polyester mesh blend,HKD 229,"M, L, XL",Running shorts with side splits for freer stride movement and better airflow.,Pair with a breathable tee and ankle socks.,https://raw.githubusercontent.com/J0nathan1ei/IS5542/main/131.jpg
132,Blue Mesh Training Tank,Tank Top,Male,Spring / Summer,"Performance, breathable","Gym, running, basketball practice",Blue,Mesh polyester,HKD 189,"M, L, XL",A mesh training tank created for ventilation during intense exercise and indoor workouts.,Wear with elastic shorts and cross-training shoes.,https://raw.githubusercontent.com/J0nathan1ei/IS5542/main/132.jpg
133,Graphite Compression Shorts,Compression Shorts,Male,All Season,"Performance, supportive","Running, gym, cycling base layer",Graphite,Nylon elastane blend,HKD 219,"M, L, XL",Compression shorts that provide muscle support and reduce distraction during fast-paced training.,Use under running shorts or solo for indoor training.,https://raw.githubusercontent.com/J0nathan1ei/IS5542/main/133.jpg
134,Emerald Court Polo,Polo Shirt,Male,Spring / Summer,"Sport smart, active","Tennis, golf, club activity",Emerald,Performance pique,HKD 279,"M, L, XL",A court-ready polo with breathable texture for racket sports and polished athletic looks.,Style with tennis shorts and white sneakers.,https://raw.githubusercontent.com/J0nathan1ei/IS5542/main/134.jpg
135,White Stretch Tennis Shorts,Tennis Shorts,Male,Spring / Summer,"Athletic, polished","Tennis, badminton, summer sport",White,Stretch woven polyester,HKD 259,"M, L, XL",Stretch tennis shorts designed for quick side-to-side movement and clean court style.,Match with a performance polo and visor.,https://raw.githubusercontent.com/J0nathan1ei/IS5542/main/135.jpg
136,Navy Half-Zip Warm-Up Top,Half-Zip Top,Male,Spring / Autumn,"Sporty, functional","Warm-up, jogging, gym commute",Navy,Polyester knit,HKD 319,"M, L, XL",A half-zip warm-up top that layers easily before training or cool morning runs.,Pair with joggers or training shorts.,https://raw.githubusercontent.com/J0nathan1ei/IS5542/main/136.jpg
137,Charcoal All-Weather Joggers,Jogger Pants,Male,All Season,"Athleisure, technical","Travel, gym commute, casual sport",Charcoal,Nylon stretch blend,HKD 339,"M, L, XL",Technical joggers that move comfortably between exercise sessions and daily errands.,Wear with a hoodie and running shoes.,https://raw.githubusercontent.com/J0nathan1ei/IS5542/main/137.jpg
138,Red Indoor Training Jersey,Jersey,Male,Spring / Summer,"Sporty, energetic","Basketball, futsal, team practice",Red,Breathable polyester,HKD 239,"M, L, XL",A breathable jersey for team training and indoor sports with good moisture control.,Pair with elastic shorts and high-grip shoes.,https://raw.githubusercontent.com/J0nathan1ei/IS5542/main/138.jpg
139,Olive Lightweight Hiking Shirt,Utility Shirt,Male,Spring / Autumn,"Outdoor, practical","Hiking, travel, weekend trail",Olive,Nylon cotton blend,HKD 359,"M, L, XL",A lightweight hiking shirt with breathable fabric and pockets for outdoor activities.,Wear with cargo shorts and trail shoes.,https://raw.githubusercontent.com/J0nathan1ei/IS5542/main/139.jpg
140,Sand Quick-Dry Trek Pants,Trek Pants,Male,Spring / Autumn,"Outdoor, functional","Hiking, camping, travel",Sand,Quick-dry nylon,HKD 429,"M, L, XL","Quick-dry trek pants built for movement, changing weather, and light outdoor use.",Match with a utility shirt and windbreaker.,https://raw.githubusercontent.com/J0nathan1ei/IS5542/main/140.jpg
141,Black Winter Down Jacket,Down Jacket,Male,Autumn / Winter,"Warm, urban","Cold commute, winter travel, outdoor queue",Black,Down-filled shell,HKD 1199,"M, L, XL",A warm down jacket designed for freezing temperatures and dependable daily winter wear.,Layer over a thermal sweatshirt and jeans.,https://raw.githubusercontent.com/J0nathan1ei/IS5542/main/141.jpg
142,Heather Grey Thermal Crewneck,Thermal Top,Male,Autumn / Winter,"Functional, cozy","Layering, ski trip, cold-weather travel",Heather Grey,Thermal knit cotton blend,HKD 239,"M, L, XL",A thermal crewneck that adds warmth under jackets and sweaters during colder seasons.,Wear beneath a puffer vest or wool coat.,https://raw.githubusercontent.com/J0nathan1ei/IS5542/main/142.jpg
143,Dark Green Fleece Hiking Vest,Fleece Vest,Male,Autumn / Winter,"Outdoor casual, warm","Camping, trail walk, layering",Dark Green,Polyester fleece,HKD 299,"M, L, XL",A fleece vest that provides core warmth without restricting arm movement on outdoor days.,Layer over a long-sleeve tee with cargo pants.,https://raw.githubusercontent.com/J0nathan1ei/IS5542/main/143.jpg
144,Navy Waterproof Commute Shell,Shell Jacket,Male,Spring / Autumn,"Technical, urban","Rainy commute, cycling, travel",Navy,Waterproof nylon,HKD 689,"M, L, XL",A waterproof shell jacket for wet commutes and city movement in unpredictable weather.,Style with tapered joggers and waterproof sneakers.,https://raw.githubusercontent.com/J0nathan1ei/IS5542/main/144.jpg
145,Beige Smart Casual Chino Shirt,Shirt,Male,Spring / Autumn,"Smart casual, office-friendly","Office casual, lunch meeting, campus event",Beige,Cotton twill,HKD 319,"M, L, XL",A versatile shirt that works for smart casual workplaces and neat everyday dressing.,Pair with chinos and leather sneakers.,https://raw.githubusercontent.com/J0nathan1ei/IS5542/main/145.jpg
146,Burgundy Reception Knit Polo,Knit Polo,Male,Spring / Autumn,"Refined casual, neat","Front desk, office casual, dinner",Burgundy,Cotton knit,HKD 309,"M, L, XL",A knit polo that feels more elevated than a T-shirt while staying comfortable for long hours.,Wear with pleated trousers and loafers.,https://raw.githubusercontent.com/J0nathan1ei/IS5542/main/146.jpg
147,Stone Business Casual Chinos,Chino Pants,Male,All Season,"Clean, versatile","Office, interview, business casual day",Stone,Cotton stretch twill,HKD 389,"M, L, XL",Classic chino pants suitable for business casual offices and polished off-duty outfits.,Match with an oxford shirt and blazer.,https://raw.githubusercontent.com/J0nathan1ei/IS5542/main/147.jpg
148,Slate Recovery Hoodie,Hoodie,Male,Autumn / Winter,"Casual, sporty","Post-workout, travel, lounge",Slate,Cotton fleece,HKD 299,"M, L, XL",A soft recovery hoodie ideal for after-training warmth and relaxed transit days.,Pair with joggers and cushioned trainers.,https://raw.githubusercontent.com/J0nathan1ei/IS5542/main/148.jpg
149,White Badminton Performance Tee,T-Shirt,Male,Spring / Summer,"Athletic, breathable","Badminton, indoor sport, active weekend",White,Breathable jersey knit,HKD 199,"M, L, XL",A light performance tee made for fast indoor movement and reduced heat buildup.,Wear with elastic shorts and court shoes.,https://raw.githubusercontent.com/J0nathan1ei/IS5542/main/149.jpg
150,Black Stretch Training Shorts,Training Shorts,Male,Spring / Summer,"Performance, flexible","Gym, HIIT, running, weekend workout",Black,Stretch woven fabric,HKD 239,"M, L, XL","Flexible training shorts designed for squats, sprints, and general workout comfort.",Pair with a moisture-wicking tee and low-cut trainers.,https://raw.githubusercontent.com/J0nathan1ei/IS5542/main/150.jpg
